date,norad,alt
2026-07-02,44714,418.0
2026-07-02,44718,416.9
2026-07-02,44725,400.4
2026-07-02,44741,350.2
2026-07-02,44747,408.4
2026-07-02,44748,382.2
2026-07-02,44751,400.1
2026-07-02,44753,366.3
2026-07-02,44768,417.9
2026-07-02,44771,333.5
2026-07-02,44772,339.3
2026-07-02,44927,359.9
2026-07-02,44930,389.5
2026-07-02,44941,402.4
2026-07-02,44949,401.7
2026-07-02,44961,365.7
2026-07-02,44968,413.7
2026-07-02,45044,397.6
2026-07-02,45047,407.8
2026-07-02,45048,388.8
2026-07-02,45060,372.0
2026-07-02,45061,451.0
2026-07-02,45062,342.9
2026-07-02,45071,457.1
2026-07-02,45072,460.4
2026-07-02,45074,451.1
2026-07-02,45080,454.0
2026-07-02,45081,293.9
2026-07-02,45087,427.6
2026-07-02,45096,418.4
2026-07-02,45100,364.7
2026-07-02,45179,279.3
2026-07-02,45190,329.2
2026-07-02,45198,378.5
2026-07-02,45206,357.1
2026-07-02,45222,449.0
2026-07-02,45223,360.6
2026-07-02,45227,435.1
2026-07-02,45228,403.8
2026-07-02,45229,433.4
2026-07-02,45230,433.1
2026-07-02,45237,363.4
2026-07-02,45360,326.3
2026-07-02,45361,321.8
2026-07-02,45367,393.0
2026-07-02,45369,367.2
2026-07-02,45375,366.5
2026-07-02,45376,378.6
2026-07-02,45377,352.7
2026-07-02,45379,331.6
2026-07-02,45383,371.3
2026-07-02,45384,359.0
2026-07-02,45386,345.9
2026-07-02,45387,376.4
2026-07-02,45388,313.4
2026-07-02,45389,352.7
2026-07-02,45390,358.0
2026-07-02,45395,349.4
2026-07-02,45397,399.7
2026-07-02,45399,371.7
2026-07-02,45404,452.6
2026-07-02,45406,451.3
2026-07-02,45408,346.9
2026-07-02,45412,450.7
2026-07-02,45414,351.0
2026-07-02,45415,449.8
2026-07-02,45417,375.5
2026-07-02,45419,371.2
2026-07-02,45531,347.0
2026-07-02,45532,355.6
2026-07-02,45535,455.3
2026-07-02,45538,454.7
2026-07-02,45540,453.9
2026-07-02,45542,363.5
2026-07-02,45543,452.7
2026-07-02,45544,358.6
2026-07-02,45555,353.7
2026-07-02,45564,373.7
2026-07-02,45565,359.4
2026-07-02,45567,363.5
2026-07-02,45570,451.5
2026-07-02,45572,293.4
2026-07-02,45573,362.3
2026-07-02,45578,362.9
2026-07-02,45581,455.3
2026-07-02,45582,342.6
2026-07-02,45586,362.5
2026-07-02,45589,360.1
2026-07-02,45590,373.5
2026-07-02,45663,426.5
2026-07-02,45665,350.2
2026-07-02,45669,385.3
2026-07-02,45670,348.5
2026-07-02,45671,354.4
2026-07-02,45673,363.9
2026-07-02,45675,390.0
2026-07-02,45677,451.0
2026-07-02,45679,367.9
2026-07-02,45685,383.0
2026-07-02,45686,433.3
2026-07-02,45695,356.7
2026-07-02,45696,456.2
2026-07-02,45697,369.6
2026-07-02,45700,357.0
2026-07-02,45703,342.6
2026-07-02,45710,360.5
2026-07-02,45711,345.7
2026-07-02,45731,363.4
2026-07-02,45735,409.8
2026-07-02,45741,372.5
2026-07-02,45744,452.1
2026-07-02,45746,392.5
2026-07-02,45751,407.9
2026-07-02,45755,356.6
2026-07-02,45759,372.9
2026-07-02,45764,375.0
2026-07-02,45773,453.4
2026-07-02,45780,361.2
2026-07-02,46052,292.6
2026-07-02,46077,451.2
2026-07-02,46080,405.3
2026-07-02,46128,288.2
2026-07-02,46129,332.7
2026-07-02,46141,382.3
2026-07-02,46142,334.8
2026-07-02,46146,458.1
2026-07-02,46155,216.4
2026-07-02,46156,275.4
2026-07-02,46159,342.7
2026-07-02,46160,345.7
2026-07-02,46167,332.5
2026-07-02,46171,298.7
2026-07-02,46172,248.7
2026-07-02,46173,341.9
2026-07-02,46174,376.1
2026-07-02,46329,332.9
2026-07-02,46331,307.1
2026-07-02,46340,289.2
2026-07-02,46342,451.9
2026-07-02,46347,258.1
2026-07-02,46348,445.2
2026-07-02,46351,321.6
2026-07-02,46352,325.6
2026-07-02,46353,351.0
2026-07-02,46355,451.1
2026-07-02,46357,306.8
2026-07-02,46359,263.2
2026-07-02,46375,351.4
2026-07-02,46383,330.3
2026-07-02,46384,381.7
2026-07-02,46535,179.5
2026-07-02,46537,365.0
2026-07-02,46538,276.1
2026-07-02,46553,413.5
2026-07-02,46556,340.1
2026-07-02,46557,288.9
2026-07-02,46562,343.7
2026-07-02,46563,377.1
2026-07-02,46565,255.2
2026-07-02,46567,212.6
2026-07-02,46572,246.8
2026-07-02,46582,331.1
2026-07-02,46674,332.1
2026-07-02,46685,341.8
2026-07-02,46687,276.5
2026-07-02,46689,285.9
2026-07-02,46698,357.9
2026-07-02,46702,452.0
2026-07-02,46705,345.9
2026-07-02,46709,373.1
2026-07-02,46715,281.1
2026-07-02,46718,410.2
2026-07-02,46723,314.2
2026-07-02,46725,358.1
2026-07-02,46727,330.4
2026-07-02,46743,340.8
2026-07-02,46746,237.2
2026-07-02,46782,331.3
2026-07-02,46784,250.1
2026-07-02,46786,351.9
2026-07-02,46794,352.5
2026-07-02,46796,239.9
2026-07-02,47122,354.0
2026-07-02,47135,348.3
2026-07-02,47143,356.1
2026-07-02,47157,458.2
2026-07-02,47158,316.0
2026-07-02,47161,246.7
2026-07-02,47171,354.8
2026-07-02,47178,335.2
2026-07-02,47374,201.5
2026-07-02,47380,320.5
2026-07-02,47392,300.3
2026-07-02,47404,290.3
2026-07-02,47555,444.9
2026-07-02,47563,256.9
2026-07-02,47568,297.6
2026-07-02,47589,318.7
2026-07-02,47590,322.3
2026-07-02,47592,207.8
2026-07-02,47596,348.4
2026-07-02,47604,188.1
2026-07-02,47621,427.7
2026-07-02,47625,370.9
2026-07-02,47627,364.9
2026-07-02,47641,317.1
2026-07-02,47649,281.2
2026-07-02,47650,443.6
2026-07-02,47652,362.3
2026-07-02,47657,328.4
2026-07-02,47676,316.6
2026-07-02,47728,374.5
2026-07-02,47731,297.3
2026-07-02,47736,436.0
2026-07-02,47745,351.7
2026-07-02,47746,426.9
2026-07-02,47748,276.1
2026-07-02,47749,318.5
2026-07-02,47752,342.9
2026-07-02,47762,345.6
2026-07-02,47767,368.4
2026-07-02,47776,339.2
2026-07-02,47778,415.8
2026-07-02,47788,449.0
2026-07-02,47862,358.6
2026-07-02,47874,455.8
2026-07-02,47879,349.8
2026-07-02,47883,318.7
2026-07-02,47901,452.4
2026-07-02,47903,250.8
2026-07-02,47993,362.3
2026-07-02,48000,442.8
2026-07-02,48022,405.3
2026-07-02,48023,437.3
2026-07-02,48029,341.6
2026-07-02,48111,443.1
2026-07-02,48120,443.1
2026-07-02,48143,450.1
2026-07-02,48376,364.9
2026-07-02,48442,432.9
2026-07-02,48460,322.4
2026-07-02,48465,350.9
2026-07-02,48562,366.7
2026-07-02,48582,440.7
2026-07-02,48652,338.6
2026-07-02,49139,515.8
2026-07-02,49158,337.2
2026-07-02,49176,515.8
2026-07-02,49410,501.2
2026-07-02,49422,544.0
2026-07-02,49425,504.8
2026-07-02,49427,504.4
2026-07-02,49430,544.2
2026-07-02,49449,419.0
2026-07-02,49724,482.6
2026-07-02,49727,520.5
2026-07-02,49728,504.5
2026-07-02,49729,532.9
2026-07-02,49730,511.0
2026-07-02,49732,523.3
2026-07-02,49733,531.2
2026-07-02,49735,511.2
2026-07-02,49740,481.3
2026-07-02,49743,485.3
2026-07-02,49752,501.1
2026-07-02,49754,505.7
2026-07-02,49756,508.1
2026-07-02,49757,503.8
2026-07-02,49758,502.9
2026-07-02,49759,505.9
2026-07-02,49760,508.4
2026-07-02,49762,501.2
2026-07-02,49766,513.4
2026-07-02,49767,507.5
2026-07-02,49768,506.0
2026-07-02,49771,508.6
2026-07-02,50161,543.3
2026-07-02,50163,395.7
2026-07-02,50182,480.9
2026-07-02,50186,502.3
2026-07-02,50808,530.6
2026-07-02,50809,527.8
2026-07-02,50813,431.7
2026-07-02,50830,501.3
2026-07-02,50834,508.7
2026-07-02,50840,510.3
2026-07-02,50841,507.5
2026-07-02,50845,493.1
2026-07-02,50848,524.7
2026-07-02,50849,507.7
2026-07-02,50851,507.0
2026-07-02,51125,518.9
2026-07-02,51131,483.2
2026-07-02,51133,503.9
2026-07-02,51135,516.9
2026-07-02,51136,511.8
2026-07-02,51137,507.0
2026-07-02,51139,507.8
2026-07-02,51141,506.5
2026-07-02,51146,502.7
2026-07-02,51152,511.5
2026-07-02,51733,508.1
2026-07-02,51736,499.5
2026-07-02,51737,506.1
2026-07-02,51738,502.4
2026-07-02,51739,510.5
2026-07-02,51741,503.6
2026-07-02,51742,506.0
2026-07-02,51743,509.1
2026-07-02,51744,505.8
2026-07-02,51747,502.1
2026-07-02,51748,503.9
2026-07-02,51749,497.4
2026-07-02,51751,501.6
2026-07-02,51753,504.3
2026-07-02,51754,512.7
2026-07-02,51755,504.9
2026-07-02,51756,506.3
2026-07-02,51757,504.4
2026-07-02,51758,507.9
2026-07-02,51759,504.5
2026-07-02,51775,373.8
2026-07-02,51782,472.8
2026-07-02,51784,477.1
2026-07-02,51794,278.9
2026-07-02,51795,501.1
2026-07-02,51798,481.2
2026-07-02,51799,479.5
2026-07-02,51803,475.7
2026-07-02,51815,488.2
2026-07-02,51881,502.1
2026-07-02,51883,504.3
2026-07-02,51889,478.6
2026-07-02,51894,477.0
2026-07-02,51895,476.2
2026-07-02,51896,501.1
2026-07-02,51987,476.6
2026-07-02,52093,475.7
2026-07-02,52095,486.3
2026-07-02,52100,481.9
2026-07-02,52102,507.5
2026-07-02,52103,507.7
2026-07-02,52112,389.6
2026-07-02,52113,502.5
2026-07-02,52115,477.5
2026-07-02,52116,503.3
2026-07-02,52119,483.9
2026-07-02,52120,470.7
2026-07-02,52122,507.6
2026-07-02,52139,508.3
2026-07-02,52264,473.0
2026-07-02,52265,517.8
2026-07-02,52267,523.0
2026-07-02,52268,509.4
2026-07-02,52272,503.7
2026-07-02,52273,519.8
2026-07-02,52274,512.3
2026-07-02,52280,509.2
2026-07-02,52282,540.4
2026-07-02,52287,520.3
2026-07-02,52289,529.1
2026-07-02,52295,544.3
2026-07-02,52300,540.1
2026-07-02,52307,544.6
2026-07-02,52336,478.1
2026-07-02,52356,507.3
2026-07-02,52373,477.3
2026-07-02,52383,506.7
2026-07-02,52499,266.6
2026-07-02,52539,544.2
2026-07-02,52542,480.7
2026-07-02,52546,484.5
2026-07-02,52551,545.4
2026-07-02,52552,525.7
2026-07-02,52553,155.0
2026-07-02,52562,469.6
2026-07-02,52567,481.1
2026-07-02,52569,485.4
2026-07-02,52574,473.1
2026-07-02,52577,479.9
2026-07-02,52578,499.4
2026-07-02,52579,422.6
2026-07-02,52600,527.8
2026-07-02,52605,532.5
2026-07-02,52611,526.0
2026-07-02,52614,409.7
2026-07-02,52615,526.6
2026-07-02,52619,512.8
2026-07-02,52620,529.1
2026-07-02,52621,538.2
2026-07-02,52625,540.6
2026-07-02,52631,522.4
2026-07-02,52635,512.4
2026-07-02,52637,509.7
2026-07-02,52638,505.9
2026-07-02,52640,540.8
2026-07-02,52641,498.0
2026-07-02,52643,510.4
2026-07-02,52644,544.5
2026-07-02,52645,502.8
2026-07-02,52649,509.3
2026-07-02,52657,495.9
2026-07-02,52660,503.8
2026-07-02,52668,500.2
2026-07-02,52674,389.9
2026-07-02,52689,339.3
2026-07-02,52703,527.7
2026-07-02,52836,403.3
2026-07-02,52840,376.7
2026-07-02,52851,494.4
2026-07-02,52853,395.5
2026-07-02,52867,490.4
2026-07-02,52871,496.3
2026-07-02,52873,490.2
2026-07-02,52875,484.7
2026-07-02,52877,544.0
2026-07-02,52878,484.5
2026-07-02,52879,486.7
2026-07-02,52880,483.2
2026-07-02,52986,492.4
2026-07-02,52988,488.0
2026-07-02,52989,419.7
2026-07-02,52990,491.6
2026-07-02,52991,490.9
2026-07-02,52994,483.0
2026-07-02,52995,498.7
2026-07-02,52996,500.0
2026-07-02,52998,484.3
2026-07-02,52999,489.4
2026-07-02,53000,490.1
2026-07-02,53001,495.8
2026-07-02,53002,493.9
2026-07-02,53003,489.2
2026-07-02,53005,495.6
2026-07-02,53006,509.2
2026-07-02,53007,509.0
2026-07-02,53008,502.3
2026-07-02,53010,496.9
2026-07-02,53016,528.4
2026-07-02,53017,374.0
2026-07-02,53018,386.9
2026-07-02,53030,485.4
2026-07-02,53032,490.1
2026-07-02,53074,430.7
2026-07-02,53135,486.3
2026-07-02,53136,535.3
2026-07-02,53140,544.8
2026-07-02,53144,489.8
2026-07-02,53147,490.0
2026-07-02,53152,405.0
2026-07-02,53166,389.4
2026-07-02,53182,503.0
2026-07-02,53191,453.3
2026-07-02,53201,433.1
2026-07-02,53204,457.2
2026-07-02,53234,421.7
2026-07-02,53251,494.2
2026-07-02,53252,487.6
2026-07-02,53272,487.0
2026-07-02,53274,489.6
2026-07-02,53278,507.2
2026-07-02,53282,483.5
2026-07-02,53283,494.5
2026-07-02,53286,514.9
2026-07-02,53287,489.8
2026-07-02,53289,504.2
2026-07-02,53394,536.2
2026-07-02,53404,534.1
2026-07-02,53406,525.0
2026-07-02,53409,501.1
2026-07-02,53415,530.9
2026-07-02,53418,502.5
2026-07-02,53420,525.3
2026-07-02,53421,527.1
2026-07-02,53424,528.6
2026-07-02,53426,496.5
2026-07-02,53429,504.5
2026-07-02,53430,500.2
2026-07-02,53431,504.1
2026-07-02,53432,499.1
2026-07-02,53434,163.7
2026-07-02,53435,493.1
2026-07-02,53436,504.1
2026-07-02,53438,502.8
2026-07-02,53439,497.4
2026-07-02,53466,379.9
2026-07-02,53467,365.1
2026-07-02,53473,431.9
2026-07-02,53475,391.4
2026-07-02,53477,378.3
2026-07-02,53480,406.9
2026-07-02,53481,379.5
2026-07-02,53486,371.9
2026-07-02,53490,464.2
2026-07-02,53491,400.8
2026-07-02,53492,428.8
2026-07-02,53499,457.9
2026-07-02,53500,328.4
2026-07-02,53501,381.7
2026-07-02,53502,386.0
2026-07-02,53504,405.2
2026-07-02,53505,334.3
2026-07-02,53506,360.0
2026-07-02,53509,388.3
2026-07-02,53536,503.5
2026-07-02,53543,486.0
2026-07-02,53545,500.2
2026-07-02,53547,498.7
2026-07-02,53563,493.3
2026-07-02,53564,501.0
2026-07-02,53565,497.0
2026-07-02,53568,502.1
2026-07-02,53569,504.5
2026-07-02,53570,492.0
2026-07-02,53574,496.4
2026-07-02,53575,494.3
2026-07-02,53577,501.6
2026-07-02,53589,493.1
2026-07-02,53590,349.3
2026-07-02,53592,495.0
2026-07-02,53594,176.4
2026-07-02,53595,501.4
2026-07-02,53601,504.6
2026-07-02,53605,209.9
2026-07-02,53609,480.8
2026-07-02,53639,400.3
2026-07-02,53649,413.6
2026-07-02,53651,378.8
2026-07-02,53653,417.0
2026-07-02,53655,405.2
2026-07-02,53662,396.9
2026-07-02,53665,393.7
2026-07-02,53668,381.7
2026-07-02,53669,408.1
2026-07-02,53673,431.4
2026-07-02,53681,361.7
2026-07-02,53704,495.2
2026-07-02,53711,479.8
2026-07-02,53715,506.8
2026-07-02,53716,537.6
2026-07-02,53720,492.8
2026-07-02,53723,532.0
2026-07-02,53724,510.3
2026-07-02,53728,485.8
2026-07-02,53730,491.5
2026-07-02,53732,494.8
2026-07-02,53733,476.3
2026-07-02,53734,536.5
2026-07-02,53735,492.1
2026-07-02,53736,499.6
2026-07-02,53738,493.3
2026-07-02,53742,497.4
2026-07-02,53743,485.6
2026-07-02,53745,485.9
2026-07-02,53746,489.4
2026-07-02,53750,485.8
2026-07-02,53775,501.0
2026-07-02,53778,530.4
2026-07-02,53779,498.6
2026-07-02,53784,498.6
2026-07-02,53787,516.9
2026-07-02,53790,510.5
2026-07-02,53792,504.3
2026-07-02,53793,514.2
2026-07-02,53794,508.9
2026-07-02,53795,533.1
2026-07-02,53797,516.0
2026-07-02,53798,512.9
2026-07-02,53799,486.9
2026-07-02,53800,388.6
2026-07-02,53801,495.3
2026-07-02,53802,486.6
2026-07-02,53805,530.0
2026-07-02,53819,507.8
2026-07-02,53836,411.4
2026-07-02,53856,319.3
2026-07-02,53858,250.9
2026-07-02,53866,486.6
2026-07-02,53867,453.0
2026-07-02,53868,501.7
2026-07-02,53869,518.4
2026-07-02,53870,487.4
2026-07-02,53871,500.5
2026-07-02,53888,159.3
2026-07-02,53891,411.8
2026-07-02,53894,454.1
2026-07-02,53895,251.2
2026-07-02,53897,333.5
2026-07-02,53899,235.6
2026-07-02,53902,537.7
2026-07-02,53904,543.6
2026-07-02,53917,377.4
2026-07-02,53924,426.0
2026-07-02,53926,393.7
2026-07-02,53930,339.9
2026-07-02,53935,252.6
2026-07-02,53936,485.2
2026-07-02,53977,544.5
2026-07-02,54092,315.7
2026-07-02,54101,509.0
2026-07-02,54104,497.0
2026-07-02,54163,483.9
2026-07-02,54164,488.9
2026-07-02,54168,498.6
2026-07-02,54172,487.6
2026-07-02,54173,502.4
2026-07-02,54176,486.4
2026-07-02,54178,496.8
2026-07-02,54179,491.0
2026-07-02,54181,497.7
2026-07-02,54183,502.2
2026-07-02,54185,497.9
2026-07-02,54187,499.4
2026-07-02,54770,478.6
2026-07-02,54783,480.5
2026-07-02,54795,479.5
2026-07-02,54801,497.2
2026-07-02,54804,474.7
2026-07-02,54806,481.4
2026-07-02,54809,478.6
2026-07-02,55784,577.3
2026-07-02,56147,212.1
2026-07-02,56355,383.3
2026-07-02,56835,449.0
2026-07-02,57156,430.1
2026-07-02,57221,189.7
2026-07-02,57406,422.2
2026-07-02,57414,432.9
2026-07-02,57432,454.6
2026-07-02,57470,435.7
2026-07-02,57707,450.3
2026-07-02,57930,319.8
2026-07-02,58136,441.6
2026-07-02,58180,470.1
2026-07-02,58412,421.8
2026-07-02,58531,481.6
2026-07-02,58598,366.7
2026-07-02,58672,406.8
2026-07-02,58705,366.9
2026-07-02,58706,366.8
2026-07-02,58707,366.9
2026-07-02,58708,366.9
2026-07-02,58709,366.9
2026-07-02,58710,366.9
2026-07-02,58720,354.6
2026-07-02,58945,480.0
2026-07-02,59272,475.4
2026-07-02,59322,361.1
2026-07-02,59421,366.9
2026-07-02,59422,366.9
2026-07-02,59423,366.9
2026-07-02,59424,366.9
2026-07-02,59425,366.9
2026-07-02,59426,366.8
2026-07-02,59586,413.5
2026-07-02,59708,366.9
2026-07-02,59709,366.9
2026-07-02,59710,367.0
2026-07-02,59711,366.9
2026-07-02,59712,366.9
2026-07-02,59713,367.0
2026-07-02,59714,367.0
2026-07-02,59715,367.0
2026-07-02,59716,367.0
2026-07-02,59717,367.0
2026-07-02,59718,367.0
2026-07-02,59719,366.9
2026-07-02,59720,366.9
2026-07-02,59754,366.9
2026-07-02,59755,366.9
2026-07-02,59756,366.9
2026-07-02,59757,366.8
2026-07-02,59758,366.8
2026-07-02,59759,366.8
2026-07-02,59760,366.9
2026-07-02,59761,366.9
2026-07-02,59762,366.9
2026-07-02,59763,366.9
2026-07-02,59764,324.8
2026-07-02,59765,366.9
2026-07-02,59768,427.4
2026-07-02,59878,431.8
2026-07-02,59907,391.1
2026-07-02,59945,366.9
2026-07-02,59947,366.8
2026-07-02,59948,366.9
2026-07-02,59949,366.9
2026-07-02,59950,366.9
2026-07-02,59952,366.8
2026-07-02,59954,366.9
2026-07-02,59955,366.9
2026-07-02,59956,366.9
2026-07-02,59957,366.8
2026-07-02,60038,367.0
2026-07-02,60039,366.9
2026-07-02,60040,366.9
2026-07-02,60041,366.9
2026-07-02,60042,366.9
2026-07-02,60043,366.9
2026-07-02,60044,366.9
2026-07-02,60045,366.9
2026-07-02,60046,366.9
2026-07-02,60047,366.9
2026-07-02,60048,366.9
2026-07-02,60049,367.1
2026-07-02,60050,366.9
2026-07-02,60059,366.9
2026-07-02,60060,366.8
2026-07-02,60061,366.9
2026-07-02,60062,366.9
2026-07-02,60063,366.8
2026-07-02,60064,366.9
2026-07-02,60065,366.9
2026-07-02,60066,366.9
2026-07-02,60067,367.0
2026-07-02,60068,366.8
2026-07-02,60069,366.9
2026-07-02,60070,366.9
2026-07-02,60071,366.9
2026-07-02,60103,475.3
2026-07-02,60111,480.1
2026-07-02,60113,366.9
2026-07-02,60114,366.9
2026-07-02,60115,366.9
2026-07-02,60116,366.9
2026-07-02,60117,366.9
2026-07-02,60118,366.9
2026-07-02,60119,366.8
2026-07-02,60120,366.8
2026-07-02,60121,366.8
2026-07-02,60122,366.9
2026-07-02,60123,366.8
2026-07-02,60124,366.9
2026-07-02,60125,366.9
2026-07-02,60183,366.9
2026-07-02,60184,366.9
2026-07-02,60185,366.9
2026-07-02,60186,366.8
2026-07-02,60187,366.9
2026-07-02,60188,366.9
2026-07-02,60189,366.9
2026-07-02,60190,366.8
2026-07-02,60191,366.9
2026-07-02,60192,366.8
2026-07-02,60193,366.8
2026-07-02,60194,366.9
2026-07-02,60195,366.9
2026-07-02,60301,366.9
2026-07-02,60302,367.0
2026-07-02,60303,366.8
2026-07-02,60304,366.9
2026-07-02,60305,366.9
2026-07-02,60306,366.9
2026-07-02,60307,366.8
2026-07-02,60308,367.0
2026-07-02,60309,366.8
2026-07-02,60310,366.9
2026-07-02,60312,367.0
2026-07-02,60313,366.9
2026-07-02,60398,366.8
2026-07-02,60399,366.8
2026-07-02,60400,366.9
2026-07-02,60401,366.9
2026-07-02,60402,366.9
2026-07-02,60403,366.9
2026-07-02,60404,366.9
2026-07-02,60405,366.8
2026-07-02,60406,366.8
2026-07-02,60407,366.9
2026-07-02,60408,366.9
2026-07-02,60409,366.9
2026-07-02,60410,366.8
2026-07-02,60720,366.8
2026-07-02,60721,366.8
2026-07-02,60722,366.9
2026-07-02,60723,366.9
2026-07-02,60724,366.9
2026-07-02,60725,366.8
2026-07-02,60726,366.9
2026-07-02,60727,366.9
2026-07-02,60728,366.9
2026-07-02,60729,366.9
2026-07-02,60730,366.8
2026-07-02,60731,367.1
2026-07-02,60732,366.8
2026-07-02,60903,366.9
2026-07-02,60904,366.9
2026-07-02,60905,366.9
2026-07-02,60906,366.9
2026-07-02,60907,366.9
2026-07-02,60908,366.8
2026-07-02,60909,366.9
2026-07-02,60910,366.9
2026-07-02,60911,366.8
2026-07-02,60912,366.8
2026-07-02,60913,366.8
2026-07-02,60915,366.9
2026-07-02,60924,366.9
2026-07-02,60925,366.9
2026-07-02,60926,366.9
2026-07-02,60927,366.9
2026-07-02,60928,366.9
2026-07-02,60929,366.9
2026-07-02,60930,367.0
2026-07-02,60931,367.0
2026-07-02,60932,367.0
2026-07-02,60933,366.9
2026-07-02,60934,366.9
2026-07-02,60935,366.9
2026-07-02,60936,366.9
2026-07-02,60938,289.5
2026-07-02,60991,366.8
2026-07-02,60992,366.9
2026-07-02,60993,366.9
2026-07-02,60994,366.9
2026-07-02,60995,366.9
2026-07-02,60996,366.9
2026-07-02,60997,366.9
2026-07-02,60998,366.9
2026-07-02,60999,366.9
2026-07-02,61000,366.9
2026-07-02,61001,367.0
2026-07-02,61002,366.9
2026-07-02,61050,367.0
2026-07-02,61051,366.9
2026-07-02,61053,366.9
2026-07-02,61054,366.9
2026-07-02,61055,366.9
2026-07-02,61056,369.3
2026-07-02,61057,367.0
2026-07-02,61058,366.9
2026-07-02,61059,367.0
2026-07-02,61060,367.0
2026-07-02,61061,367.0
2026-07-02,61062,366.9
2026-07-02,61200,366.9
2026-07-02,61201,366.9
2026-07-02,61202,366.9
2026-07-02,61203,366.9
2026-07-02,61204,366.9
2026-07-02,61205,366.9
2026-07-02,61206,366.9
2026-07-02,61207,366.9
2026-07-02,61208,366.9
2026-07-02,61209,366.9
2026-07-02,61210,366.8
2026-07-02,61211,366.8
2026-07-02,61212,366.9
2026-07-02,61243,366.9
2026-07-02,61244,366.9
2026-07-02,61245,366.9
2026-07-02,61246,366.9
2026-07-02,61247,366.9
2026-07-02,61248,366.9
2026-07-02,61249,366.9
2026-07-02,61251,366.9
2026-07-02,61252,366.9
2026-07-02,61253,366.9
2026-07-02,61254,366.9
2026-07-02,61255,366.9
2026-07-02,61519,438.5
2026-07-02,61531,428.1
2026-07-02,61532,366.9
2026-07-02,61533,366.8
2026-07-02,61534,366.9
2026-07-02,61535,366.8
2026-07-02,61536,366.8
2026-07-02,61538,366.9
2026-07-02,61539,366.9
2026-07-02,61540,366.9
2026-07-02,61541,366.9
2026-07-02,61542,366.8
2026-07-02,61543,366.9
2026-07-02,61544,366.9
2026-07-02,61574,366.9
2026-07-02,61575,366.9
2026-07-02,61576,366.9
2026-07-02,61577,366.9
2026-07-02,61578,367.0
2026-07-02,61579,366.9
2026-07-02,61580,366.9
2026-07-02,61581,366.9
2026-07-02,61582,366.9
2026-07-02,61583,366.9
2026-07-02,61584,366.9
2026-07-02,61585,366.9
2026-07-02,61586,366.9
2026-07-02,61642,382.4
2026-07-02,61669,470.5
2026-07-02,61682,479.2
2026-07-02,61687,366.9
2026-07-02,61688,366.9
2026-07-02,61689,367.0
2026-07-02,61690,366.9
2026-07-02,61691,366.9
2026-07-02,61692,367.0
2026-07-02,61693,367.0
2026-07-02,61694,366.9
2026-07-02,61695,366.9
2026-07-02,61696,366.9
2026-07-02,61697,366.9
2026-07-02,61699,366.9
2026-07-02,61726,470.3
2026-07-02,61874,366.9
2026-07-02,61875,366.9
2026-07-02,61877,367.0
2026-07-02,61878,366.9
2026-07-02,61879,366.9
2026-07-02,61880,366.9
2026-07-02,61881,366.9
2026-07-02,61882,366.9
2026-07-02,61883,366.9
2026-07-02,61884,366.9
2026-07-02,61885,366.9
2026-07-02,61886,367.0
2026-07-02,61915,453.1
2026-07-02,61939,367.0
2026-07-02,61940,366.9
2026-07-02,61941,366.9
2026-07-02,61942,366.9
2026-07-02,61943,367.0
2026-07-02,61944,366.9
2026-07-02,61945,367.0
2026-07-02,61946,367.0
2026-07-02,61947,366.9
2026-07-02,61948,366.9
2026-07-02,61949,367.0
2026-07-02,61950,366.8
2026-07-02,61951,367.0
2026-07-02,61953,425.7
2026-07-02,61954,425.9
2026-07-02,61955,426.6
2026-07-02,61957,450.1
2026-07-02,62008,367.0
2026-07-02,62009,367.0
2026-07-02,62010,367.0
2026-07-02,62011,367.0
2026-07-02,62012,366.9
2026-07-02,62013,366.9
2026-07-02,62014,367.0
2026-07-02,62015,367.0
2026-07-02,62016,367.0
2026-07-02,62017,366.9
2026-07-02,62018,366.9
2026-07-02,62019,367.0
2026-07-02,62020,367.0
2026-07-02,62038,316.2
2026-07-02,62057,366.7
2026-07-02,62058,366.7
2026-07-02,62059,366.7
2026-07-02,62060,366.7
2026-07-02,62061,366.7
2026-07-02,62062,366.7
2026-07-02,62063,366.7
2026-07-02,62064,366.7
2026-07-02,62065,366.9
2026-07-02,62066,366.4
2026-07-02,62067,366.8
2026-07-02,62068,366.8
2026-07-02,62069,366.7
2026-07-02,62088,363.4
2026-07-02,62089,363.7
2026-07-02,62090,363.7
2026-07-02,62091,363.6
2026-07-02,62092,363.5
2026-07-02,62093,363.8
2026-07-02,62094,363.6
2026-07-02,62095,363.6
2026-07-02,62096,363.5
2026-07-02,62097,363.4
2026-07-02,62098,363.4
2026-07-02,62099,363.6
2026-07-02,62204,378.0
2026-07-02,62218,366.8
2026-07-02,62219,366.7
2026-07-02,62220,366.8
2026-07-02,62221,366.7
2026-07-02,62222,366.8
2026-07-02,62223,366.8
2026-07-02,62224,366.7
2026-07-02,62225,366.7
2026-07-02,62226,366.8
2026-07-02,62227,366.8
2026-07-02,62228,366.8
2026-07-02,62229,366.7
2026-07-02,62230,366.7
2026-07-02,62267,363.7
2026-07-02,62268,363.6
2026-07-02,62269,363.9
2026-07-02,62270,363.5
2026-07-02,62271,363.6
2026-07-02,62272,363.7
2026-07-02,62273,363.2
2026-07-02,62274,363.8
2026-07-02,62275,363.5
2026-07-02,62276,362.6
2026-07-02,62277,362.7
2026-07-02,62278,362.8
2026-07-02,62279,363.5
2026-07-02,62409,363.4
2026-07-02,62410,363.6
2026-07-02,62411,363.4
2026-07-02,62413,363.0
2026-07-02,62414,363.8
2026-07-02,62415,363.6
2026-07-02,62416,363.6
2026-07-02,62417,363.7
2026-07-02,62418,363.1
2026-07-02,62420,363.6
2026-07-02,62421,363.6
2026-07-02,62462,363.0
2026-07-02,62463,363.4
2026-07-02,62465,363.6
2026-07-02,62466,363.5
2026-07-02,62467,363.6
2026-07-02,62468,363.3
2026-07-02,62469,363.6
2026-07-02,62470,363.4
2026-07-02,62471,363.6
2026-07-02,62472,363.9
2026-07-02,62473,363.6
2026-07-02,62474,363.6
2026-07-02,62511,363.8
2026-07-02,62512,363.0
2026-07-02,62513,363.7
2026-07-02,62514,363.3
2026-07-02,62515,363.6
2026-07-02,62516,363.7
2026-07-02,62517,363.9
2026-07-02,62518,363.0
2026-07-02,62519,362.8
2026-07-02,62520,363.4
2026-07-02,62521,363.6
2026-07-02,62522,363.1
2026-07-02,62523,363.8
2026-07-02,62554,363.7
2026-07-02,62555,363.4
2026-07-02,62556,363.8
2026-07-02,62557,363.5
2026-07-02,62558,363.5
2026-07-02,62559,363.3
2026-07-02,62560,363.6
2026-07-02,62561,363.7
2026-07-02,62562,363.9
2026-07-02,62563,363.7
2026-07-02,62564,363.4
2026-07-02,62565,363.2
2026-07-02,62566,364.0
2026-07-02,62587,362.7
2026-07-02,62588,363.7
2026-07-02,62589,363.7
2026-07-02,62590,363.3
2026-07-02,62591,363.7
2026-07-02,62592,363.5
2026-07-02,62593,363.6
2026-07-02,62594,272.2
2026-07-02,62595,364.3
2026-07-02,62597,363.3
2026-07-02,62598,364.5
2026-07-02,62599,363.5
2026-07-02,62607,414.5
2026-07-02,62783,443.6
2026-07-02,62826,445.3
2026-07-02,62829,363.6
2026-07-02,62830,363.4
2026-07-02,62831,363.3
2026-07-02,62832,363.4
2026-07-02,62833,363.2
2026-07-02,62834,363.1
2026-07-02,62835,363.5
2026-07-02,62836,363.4
2026-07-02,62837,363.5
2026-07-02,62838,363.6
2026-07-02,62839,363.2
2026-07-02,62840,363.6
2026-07-02,62841,363.7
2026-07-02,62879,363.7
2026-07-02,62880,363.5
2026-07-02,62881,363.6
2026-07-02,62882,363.3
2026-07-02,62883,363.2
2026-07-02,62884,363.5
2026-07-02,62885,363.5
2026-07-02,62886,363.5
2026-07-02,62887,363.6
2026-07-02,62888,363.1
2026-07-02,62889,368.5
2026-07-02,62890,363.3
2026-07-02,62891,363.3
2026-07-02,62907,363.1
2026-07-02,62908,363.5
2026-07-02,62909,363.6
2026-07-02,62910,363.4
2026-07-02,62911,363.7
2026-07-02,62912,363.1
2026-07-02,62913,363.4
2026-07-02,62914,363.6
2026-07-02,62915,363.6
2026-07-02,62916,363.0
2026-07-02,62917,363.6
2026-07-02,62918,363.7
2026-07-02,62919,363.7
2026-07-02,62960,476.2
2026-07-02,62981,363.6
2026-07-02,62982,363.6
2026-07-02,62983,363.6
2026-07-02,62984,363.3
2026-07-02,62985,363.6
2026-07-02,62986,363.6
2026-07-02,62987,363.6
2026-07-02,62988,363.7
2026-07-02,62989,363.8
2026-07-02,62990,363.6
2026-07-02,62991,363.6
2026-07-02,62992,363.0
2026-07-02,62993,363.8
2026-07-02,63005,363.3
2026-07-02,63006,363.6
2026-07-02,63007,363.4
2026-07-02,63008,362.9
2026-07-02,63009,363.4
2026-07-02,63010,363.0
2026-07-02,63011,363.5
2026-07-02,63012,363.4
2026-07-02,63013,363.5
2026-07-02,63014,363.0
2026-07-02,63015,363.4
2026-07-02,63016,363.2
2026-07-02,63017,362.8
2026-07-02,63052,363.8
2026-07-02,63053,363.7
2026-07-02,63054,363.5
2026-07-02,63055,363.6
2026-07-02,63056,363.4
2026-07-02,63057,363.4
2026-07-02,63058,363.6
2026-07-02,63059,363.4
2026-07-02,63060,363.6
2026-07-02,63061,363.7
2026-07-02,63062,363.5
2026-07-02,63063,363.7
2026-07-02,63064,363.4
2026-07-02,63104,363.4
2026-07-02,63105,363.6
2026-07-02,63106,363.6
2026-07-02,63107,363.6
2026-07-02,63108,363.6
2026-07-02,63109,363.6
2026-07-02,63110,363.6
2026-07-02,63111,363.6
2026-07-02,63112,363.1
2026-07-02,63113,363.6
2026-07-02,63114,363.7
2026-07-02,63115,363.5
2026-07-02,63116,363.5
2026-07-02,63117,354.7
2026-07-02,63132,363.6
2026-07-02,63133,363.6
2026-07-02,63134,363.7
2026-07-02,63135,363.5
2026-07-02,63136,363.6
2026-07-02,63137,363.6
2026-07-02,63138,363.5
2026-07-02,63139,363.5
2026-07-02,63140,363.1
2026-07-02,63141,363.1
2026-07-02,63142,363.6
2026-07-02,63143,363.5
2026-07-02,63144,363.7
2026-07-02,63183,362.8
2026-07-02,63184,363.5
2026-07-02,63185,363.6
2026-07-02,63186,363.6
2026-07-02,63187,363.6
2026-07-02,63188,363.3
2026-07-02,63189,363.5
2026-07-02,63190,363.6
2026-07-02,63191,363.6
2026-07-02,63192,363.6
2026-07-02,63193,363.6
2026-07-02,63194,363.6
2026-07-02,63195,363.6
2026-07-02,63265,363.7
2026-07-02,63266,363.8
2026-07-02,63267,363.6
2026-07-02,63268,363.0
2026-07-02,63269,363.5
2026-07-02,63270,363.5
2026-07-02,63271,363.4
2026-07-02,63272,363.6
2026-07-02,63273,363.9
2026-07-02,63274,363.6
2026-07-02,63275,363.5
2026-07-02,63276,363.4
2026-07-02,63307,363.7
2026-07-02,63308,363.2
2026-07-02,63309,363.7
2026-07-02,63310,363.4
2026-07-02,63311,363.6
2026-07-02,63312,363.7
2026-07-02,63313,363.3
2026-07-02,63314,363.5
2026-07-02,63315,363.5
2026-07-02,63316,363.6
2026-07-02,63317,363.6
2026-07-02,63318,363.3
2026-07-02,63319,363.3
2026-07-02,63379,453.2
2026-07-02,63433,425.9
2026-07-02,63434,425.8
2026-07-02,63436,434.0
2026-07-02,63437,425.8
2026-07-02,63438,427.7
2026-07-02,63439,470.0
2026-07-02,63445,428.4
2026-07-02,63450,470.1
2026-07-02,63503,452.5
2026-07-02,63548,363.3
2026-07-02,63549,363.5
2026-07-02,63550,363.2
2026-07-02,63551,363.7
2026-07-02,63552,363.4
2026-07-02,63553,363.4
2026-07-02,63554,363.8
2026-07-02,63556,363.5
2026-07-02,63557,363.4
2026-07-02,63558,363.6
2026-07-02,63559,363.6
2026-07-02,63560,363.6
2026-07-02,63664,363.6
2026-07-02,63665,363.7
2026-07-02,63667,363.7
2026-07-02,63668,363.7
2026-07-02,63669,363.7
2026-07-02,63670,363.1
2026-07-02,63671,363.5
2026-07-02,63672,363.1
2026-07-02,63673,363.6
2026-07-02,63674,363.6
2026-07-02,63675,363.8
2026-07-02,63676,363.6
2026-07-02,63722,481.1
2026-07-02,63751,363.6
2026-07-02,63752,362.7
2026-07-02,63753,363.7
2026-07-02,63754,363.5
2026-07-02,63755,363.6
2026-07-02,63756,363.7
2026-07-02,63757,363.5
2026-07-02,63758,363.4
2026-07-02,63759,363.5
2026-07-02,63760,363.6
2026-07-02,63761,363.8
2026-07-02,63762,363.6
2026-07-02,63763,363.0
2026-07-02,63882,439.0
2026-07-02,64064,363.8
2026-07-02,64065,363.6
2026-07-02,64066,363.1
2026-07-02,64067,363.2
2026-07-02,64068,363.6
2026-07-02,64069,363.2
2026-07-02,64070,363.6
2026-07-02,64071,364.0
2026-07-02,64072,363.7
2026-07-02,64073,363.6
2026-07-02,64074,363.8
2026-07-02,64075,363.6
2026-07-02,64076,363.2
2026-07-02,64123,363.5
2026-07-02,64124,363.6
2026-07-02,64125,363.6
2026-07-02,64126,363.3
2026-07-02,64127,363.6
2026-07-02,64128,363.6
2026-07-02,64129,363.4
2026-07-02,64130,363.7
2026-07-02,64131,363.4
2026-07-02,64132,363.6
2026-07-02,64133,363.6
2026-07-02,64134,363.3
2026-07-02,64135,363.5
2026-07-02,64137,295.6
2026-07-02,64233,363.9
2026-07-02,64234,364.0
2026-07-02,64235,363.5
2026-07-02,64236,363.0
2026-07-02,64237,363.9
2026-07-02,64238,363.0
2026-07-02,64239,363.0
2026-07-02,64240,363.8
2026-07-02,64241,363.7
2026-07-02,64242,363.1
2026-07-02,64243,348.7
2026-07-02,64244,363.4
2026-07-02,64245,363.7
2026-07-02,64266,472.7
2026-07-02,64302,439.2
2026-07-02,64317,363.6
2026-07-02,64318,363.4
2026-07-02,64319,363.6
2026-07-02,64320,363.4
2026-07-02,64321,363.6
2026-07-02,64322,363.7
2026-07-02,64323,363.7
2026-07-02,64324,363.0
2026-07-02,64325,363.6
2026-07-02,64327,363.6
2026-07-02,64328,363.6
2026-07-02,64329,363.5
2026-07-02,64370,363.7
2026-07-02,64371,363.1
2026-07-02,64372,363.4
2026-07-02,64373,363.8
2026-07-02,64374,363.6
2026-07-02,64375,363.7
2026-07-02,64376,363.1
2026-07-02,64377,363.8
2026-07-02,64378,363.8
2026-07-02,64379,363.6
2026-07-02,64380,363.7
2026-07-02,64381,363.7
2026-07-02,64382,363.2
2026-07-02,65015,350.5
2026-07-02,65280,554.2
2026-07-02,65329,478.0
2026-07-02,65379,556.2
2026-07-02,65520,555.7
2026-07-02,65753,482.6
2026-07-02,66168,472.9
2026-07-02,66203,478.3
2026-07-02,67091,449.7
2026-07-02,67610,426.2
2026-07-02,68234,425.9
2026-07-02,68236,425.6
2026-07-02,68240,425.9
2026-07-02,68244,425.9
2026-07-02,68246,425.7
2026-07-02,68250,425.9
2026-07-02,68255,425.9
2026-07-02,68259,425.9
2026-07-02,68380,426.1
2026-07-02,68403,451.1
2026-07-02,68521,470.1
2026-07-02,68526,425.9
2026-07-02,68535,425.9
2026-07-02,68536,425.9
2026-07-02,68685,426.2
2026-07-02,68843,358.3
2026-07-02,69150,427.4
2026-07-02,69153,438.0
2026-07-02,69154,425.9
2026-07-02,69159,425.8
2026-07-02,69168,425.9
2026-07-02,69173,425.9
2026-07-02,69175,425.9
2026-07-02,69183,458.1
2026-07-02,69184,425.9
2026-07-02,69185,425.9
2026-07-02,69186,425.9
2026-07-02,69187,425.9
2026-07-02,69189,425.9
2026-07-02,69193,451.0
2026-07-02,69195,445.1
2026-07-02,69199,425.9
2026-07-02,69200,425.9
2026-07-02,69201,424.6
2026-07-02,69203,425.8
2026-07-02,69204,426.0
2026-07-02,69205,456.4
2026-07-02,69207,431.0
2026-07-02,69208,424.3
2026-07-02,69211,426.1
2026-07-02,69215,426.2
2026-07-02,69234,426.2
2026-07-02,69238,439.7
2026-07-02,69239,424.4
2026-07-02,69240,428.2
2026-07-02,69241,423.8
2026-07-02,69242,433.2
2026-07-02,69243,431.3
2026-07-02,69244,432.1
2026-07-02,69245,427.4
2026-07-02,69246,444.1
2026-07-02,69247,425.8
2026-07-02,69248,438.6
2026-07-02,69249,426.0
2026-07-02,69250,425.9
2026-07-02,69251,426.0
2026-07-02,69252,425.8
2026-07-02,69253,422.6
2026-07-02,69254,438.7
2026-07-02,69255,432.0
2026-07-02,69256,441.6
2026-07-02,69257,440.7
2026-07-02,69258,425.8
2026-07-02,69259,441.9
2026-07-02,69260,425.9
2026-07-02,69261,425.9
2026-07-02,69262,445.2
2026-07-02,69263,425.9
2026-07-02,69264,459.6
2026-07-02,69266,455.4
2026-07-02,69297,454.9
2026-07-02,69301,437.6
2026-07-02,69302,426.2
2026-07-02,69304,426.2
2026-07-02,69308,426.1
2026-07-02,69311,426.3
2026-07-02,69331,444.6
2026-07-02,69335,426.3
2026-07-02,69338,426.2
2026-07-02,69339,426.0
2026-07-02,69341,426.2
2026-07-02,69344,426.4
2026-07-02,69346,452.4
2026-07-02,69347,426.3
2026-07-02,69348,457.0
2026-07-02,69349,444.4
2026-07-02,69350,424.9
2026-07-02,69351,426.1
2026-07-02,69352,426.1
2026-07-02,69353,334.8
2026-07-02,69354,335.1
2026-07-02,69355,335.1
2026-07-02,69356,350.9
2026-07-02,69357,334.2
2026-07-02,69358,350.9
2026-07-02,69359,351.1
2026-07-02,69360,335.1
2026-07-02,69361,350.9
2026-07-02,69362,335.0
2026-07-02,69363,350.8
2026-07-02,69364,350.7
2026-07-02,69365,334.9
2026-07-02,69366,335.1
2026-07-02,69367,351.1
2026-07-02,69368,334.4
2026-07-02,69369,351.1
2026-07-02,69370,350.9
2026-07-02,69371,351.1
2026-07-02,69372,351.0
2026-07-02,69373,335.1
2026-07-02,69374,335.0
2026-07-02,69375,334.9
2026-07-02,69376,351.0
2026-07-02,69377,335.0
2026-07-02,69378,350.8
2026-07-02,69379,351.0
2026-07-02,69380,335.2
2026-07-02,69381,335.1
2026-07-02,69420,351.2
2026-07-02,69421,351.2
2026-07-02,69422,351.2
2026-07-02,69423,351.2
2026-07-02,69424,351.2
2026-07-02,69425,351.1
2026-07-02,69426,351.2
2026-07-02,69427,351.1
2026-07-02,69428,351.3
2026-07-02,69429,351.2
2026-07-02,69430,351.1
2026-07-02,69431,351.2
2026-07-02,69432,351.1
2026-07-02,69433,351.2
2026-07-02,69434,351.2
2026-07-02,69435,351.3
2026-07-02,69436,351.0
2026-07-02,69437,337.6
2026-07-02,69438,351.1
2026-07-02,69439,351.2
2026-07-02,69440,351.2
2026-07-02,69443,350.9
2026-07-02,69444,350.9
2026-07-02,69445,351.0
2026-07-02,69446,351.0
2026-07-02,69447,351.0
2026-07-02,69448,351.2
2026-07-02,69449,351.0
2026-07-02,69450,351.1
2026-07-02,69451,351.0
2026-07-02,69452,351.1
2026-07-02,69453,350.9
2026-07-02,69454,350.9
2026-07-02,69455,351.0
2026-07-02,69456,335.1
2026-07-02,69457,340.5
2026-07-02,69458,351.1
2026-07-02,69459,351.0
2026-07-02,69460,351.1
2026-07-02,69461,351.0
2026-07-02,69462,351.0
2026-07-02,69463,351.0
2026-07-02,69464,351.0
2026-07-02,69465,351.0
2026-07-02,69466,351.1
2026-07-02,69467,351.1
2026-07-02,69468,351.1
2026-07-02,69469,351.1
2026-07-02,69470,351.0
2026-07-02,69471,334.9
2026-07-02,69478,335.2
2026-07-02,69479,334.4
2026-07-02,69480,335.7
2026-07-02,69481,335.2
2026-07-02,69482,335.2
2026-07-02,69483,335.2
2026-07-02,69484,334.9
2026-07-02,69485,335.3
2026-07-02,69486,335.1
2026-07-02,69487,335.2
2026-07-02,69488,335.2
2026-07-02,69489,335.1
2026-07-02,69490,335.2
2026-07-02,69491,335.1
2026-07-02,69492,335.2
2026-07-02,69493,335.2
2026-07-02,69494,335.2
2026-07-02,69495,335.2
2026-07-02,69496,335.1
2026-07-02,69497,335.1
2026-07-02,69498,335.0
2026-07-02,69499,335.1
2026-07-02,69500,335.0
2026-07-02,69501,335.1
2026-07-02,69508,387.3
2026-07-02,69509,391.8
2026-07-02,69510,336.1
2026-07-02,69511,334.9
2026-07-02,69512,334.9
2026-07-02,69513,397.2
2026-07-02,69514,335.7
2026-07-02,69515,382.9
2026-07-02,69516,335.0
2026-07-02,69517,403.1
2026-07-02,69518,335.1
2026-07-02,69519,391.6
2026-07-02,69520,385.9
2026-07-02,69521,335.0
2026-07-02,69522,372.1
2026-07-02,69523,401.1
2026-07-02,69524,374.6
2026-07-02,69525,351.0
2026-07-02,69526,387.0
2026-07-02,69527,349.6
2026-07-02,69528,381.2
2026-07-02,69529,380.2
2026-07-02,69530,392.9
2026-07-02,69531,351.5
2026-07-02,69532,376.6
2026-07-02,69533,368.2
2026-07-02,69534,366.1
2026-07-02,69535,369.4
2026-07-02,69536,395.9
2026-07-02,69546,334.9
2026-07-02,69547,335.3
2026-07-02,69548,335.1
2026-07-02,69549,334.8
2026-07-02,69550,335.3
2026-07-02,69551,335.2
2026-07-02,69552,335.2
2026-07-02,69553,335.0
2026-07-02,69554,335.3
2026-07-02,69555,335.1
2026-07-02,69556,335.2
2026-07-02,69557,335.1
2026-07-02,69558,335.2
2026-07-02,69559,335.1
2026-07-02,69560,334.7
2026-07-02,69561,335.2
2026-07-02,69562,335.2
2026-07-02,69563,335.5
2026-07-02,69564,335.1
2026-07-02,69565,335.3
2026-07-02,69566,335.2
2026-07-02,69567,335.2
2026-07-02,69568,335.2
2026-07-02,69569,335.3
2026-07-02,69649,339.2
2026-07-02,69650,335.2
2026-07-02,69651,335.2
2026-07-02,69652,335.2
2026-07-02,69653,335.1
2026-07-02,69654,335.3
2026-07-02,69655,335.2
2026-07-02,69656,335.2
2026-07-02,69657,335.1
2026-07-02,69658,335.2
2026-07-02,69659,335.1
2026-07-02,69660,335.2
2026-07-02,69661,335.3
2026-07-02,69662,335.1
2026-07-02,69663,335.3
2026-07-02,69664,335.2
2026-07-02,69665,335.2
2026-07-02,69666,335.3
2026-07-02,69667,335.1
2026-07-02,69668,335.1
2026-07-02,69669,335.1
2026-07-02,69670,335.1
2026-07-02,69671,335.3
2026-07-02,69672,335.2
2026-07-02,69677,335.9
2026-07-02,69678,334.1
2026-07-02,69679,335.2
2026-07-02,69680,334.1
2026-07-02,69681,334.5
2026-07-02,69682,335.0
2026-07-02,69683,336.4
2026-07-02,69684,334.0
2026-07-02,69685,334.6
2026-07-02,69686,335.1
2026-07-02,69687,335.2
2026-07-02,69688,335.4
2026-07-02,69689,335.2
2026-07-02,69690,335.2
2026-07-02,69691,334.5
2026-07-02,69692,333.0
2026-07-02,69693,333.0
2026-07-02,69694,333.1
2026-07-02,69695,332.4
2026-07-02,69696,332.3
2026-07-02,69697,329.0
2026-07-02,69698,328.1
2026-07-02,69699,327.7
2026-07-02,69700,325.1
2026-07-02,69704,289.7
2026-07-02,69705,289.2
2026-07-02,69706,288.7
2026-07-02,69707,288.2
2026-07-02,69708,287.7
2026-07-02,69709,287.3
2026-07-02,69710,286.8
2026-07-02,69711,286.4
2026-07-02,69712,286.0
2026-07-02,69713,285.5
2026-07-02,69714,285.1
2026-07-02,69715,284.7
2026-07-02,69716,284.3
2026-07-02,69717,284.0
2026-07-02,69718,283.5
2026-07-02,69719,283.2
2026-07-02,69720,282.7
2026-07-02,69721,282.4
2026-07-02,69722,281.9
2026-07-02,69723,281.6
2026-07-02,69724,281.3
2026-07-02,69725,280.9
2026-07-02,69726,280.5
2026-07-02,69727,280.1
